company,location,industry,total_laid_off,percentage_laid_off,date,stage,country,funds_raised_millions
Atlassian,Sydney,Other,500,0.05,2023-03-06,Post-IPO,Australia,210
Siriusxm,"New York City",Media,475,0.08,2023-03-06,Post-IPO,"United States",525
Loft,"Sao Paulo","Real estate",340,0.15,2023-03-03,Unknown,Brazil,788
"Embark trucks","SF Bay Area",Transportation,230,0.7,2023-03-03,Post-IPO,"United States",317
Zscaler,"SF Bay Area",Security,177,0.03,2023-03-02,Post-IPO,"United States",148
Fittr,Pune,Fitness,30,0.11,2023-03-02,"Series A",India,13
Cnet,"SF Bay Area",Media,12,0.1,2023-03-02,Acquired,"United States",20
Thoughtworks,Chicago,Other,500,0.04,2023-03-01,Post-IPO,"United States",748
Ifood,"Sao Paulo",Food,355,0.06,2023-03-01,Subsidiary,Brazil,2100
Waymo,"SF Bay Area",Transportation,209,0.08,2023-03-01,Subsidiary,"United States",5500
Payfit,Paris,Hr,200,0.2,2023-03-01,"Series E",France,495
Sonder,"SF Bay Area",Travel,100,0.14,2023-03-01,Post-IPO,"United States",839
Eventbrite,"SF Bay Area",Consumer,80,0.08,2023-02-28,Post-IPO,"United States",557
Cerebral,"SF Bay Area",Healthcare,285,0.15,2023-02-27,"Series C","United States",462
Amount,Chicago,Finance,130,0.25,2023-02-27,Unknown,"United States",283
Palantir,Denver,Data,75,0.02,2023-02-27,Post-IPO,"United States",3000
Outreach,Seattle,Sales,70,0.07,2023-02-27,"Series G","United States",489
Stytch,"SF Bay Area",Security,19,0.25,2023-02-27,"Series B","United States",126
Twitter,"SF Bay Area",Consumer,200,0.1,2023-02-25,Post-IPO,"United States",12900
Ericsson,Stockholm,Other,8500,0.08,2023-02-24,Post-IPO,Sweden,663
Onefootball,Berlin,Marketing,150,0.32,2023-02-23,"Series D",Germany,442
Polygon,Bengaluru,Crypto,100,0.2,2023-02-21,Unknown,India,451
Mygate,Bengaluru,Other,200,0.3,2023-02-20,"Series B",India,79
Fireblocks,"New York City",Crypto,30,0.05,2023-02-20,"Series E","United States",1000
Kinde,Sydney,Other,8,0.28,2023-02-20,Seed,Australia,10
"Chipper cash","SF Bay Area",Finance,100,0.33,2023-02-17,"Series C","United States",302
Docusign,"SF Bay Area",Sales,680,0.1,2023-02-16,Post-IPO,"United States",536
"Pico interactive","SF Bay Area",Other,400,0.2,2023-02-16,Acquired,"United States",62
"The realreal","SF Bay Area",Retail,230,0.07,2023-02-16,Post-IPO,"United States",356
Smartsheet,Seattle,Other,85,0.03,2023-02-16,Post-IPO,"United States",152
Wix,"Tel Aviv",Marketing,370,0.06,2023-02-15,Post-IPO,Israel,58
Servicetitan,"Los Angeles",Sales,221,0.08,2023-02-15,"Series G","United States",1100
Neon,"Sao Paulo",Finance,210,0.09,2023-02-15,"Series D",Brazil,720
Digitalocean,"New York City",Infrastructure,200,0.11,2023-02-15,Post-IPO,"United States",491
Sprinklr,"New York City",Support,100,0.04,2023-02-15,Post-IPO,"United States",429
Twilio,"SF Bay Area",Other,1500,0.17,2023-02-13,Post-IPO,"United States",614
Electric,"New York City",Other,141,0.25,2023-02-13,"Series D","United States",212
Irobot,Boston,Consumer,85,0.07,2023-02-13,Acquired,"United States",30
Moladin,Jakarta,Transportation,360,0.11,2023-02-12,"Series B",Indonesia,138
Triplelift,"New York City",Marketing,100,0.2,2023-02-10,Acquired,"United States",16
Yahoo,"SF Bay Area",Consumer,1600,0.2,2023-02-09,Acquired,"United States",6
"Misfits market",Philadelphia,Food,649,0.33,2023-02-09,"Series C","United States",526
Deliveroo,London,Food,350,0.09,2023-02-09,Post-IPO,"United Kingdom",1700
"Olive ai",Columbus,Healthcare,215,0.35,2023-02-09,"Series H","United States",856
Oportun,"SF Bay Area",Finance,155,0.1,2023-02-09,Post-IPO,"United States",566
Gitlab,"SF Bay Area",Product,130,0.07,2023-02-09,Post-IPO,"United States",413
"Nomad health","New York City",Healthcare,119,0.17,2023-02-09,Unknown,"United States",218
Veriff,Tallinn,Security,66,0.12,2023-02-09,"Series C",Estonia,192
"Ree automotive","Tel Aviv",Transportation,31,0.11,2023-02-09,Post-IPO,Israel,317
Godaddy,Phoenix,Marketing,530,0.08,2023-02-08,Post-IPO,"United States",800
Affirm,"SF Bay Area",Finance,500,0.19,2023-02-08,Post-IPO,"United States",1500
Gusto,"SF Bay Area",Hr,126,0.05,2023-02-08,"Series E","United States",746
Gong,"SF Bay Area",Sales,80,0.07,2023-02-08,"Series E","United States",583
"Beam benefits",Columbus,Healthcare,31,0.08,2023-02-08,"Series E","United States",168
Equitybee,"SF Bay Area",Finance,24,0.25,2023-02-08,"Series B","United States",85
Zoom,"SF Bay Area",Other,1300,0.15,2023-02-07,Post-IPO,"United States",276
Ebay,"SF Bay Area",Retail,500,0.04,2023-02-07,Post-IPO,"United States",1200
Secureworks,Atlanta,Security,212,0.09,2023-02-07,Post-IPO,"United States",83
Salesloft,Atlanta,Sales,100,0.1,2023-02-07,Acquired,"United States",245
Openpay,Melbourne,Finance,83,1,2023-02-07,Post-IPO,Australia,299
Learnupon,Dublin,Education,27,0.09,2023-02-07,"Private Equity",Ireland,56
Loggi,"Sao Paulo",Logistics,300,0.07,2023-02-06,"Series F",Brazil,507
"Pocket aces",Mumbai,Media,50,0.25,2023-02-06,Unknown,India,19
Lightico,"Tel Aviv",Finance,20,0.25,2023-02-05,"Series B",Israel,42
"Protocol labs","SF Bay Area",Crypto,89,0.2,2023-02-03,Unknown,"United States",10
Okta,"SF Bay Area",Security,300,0.05,2023-02-02,Post-IPO,"United States",1200
Miro,"SF Bay Area",Other,119,0.07,2023-02-02,"Series C","United States",476
Highspot,Seattle,Sales,100,0.1,2023-02-02,"Series F","United States",644
Splunk,"SF Bay Area",Data,325,0.04,2023-02-01,Post-IPO,"United States",2400
Draftkings,Boston,Consumer,140,0.04,2023-02-01,Post-IPO,"United States",719
Workato,"SF Bay Area",Other,90,0.1,2023-02-01,"Series E","United States",415
Wheel,Austin,Healthcare,56,0.28,2023-02-01,"Series C","United States",215
Chainalysis,"New York City",Crypto,44,0.05,2023-02-01,"Series F","United States",536
Exterro,Portland,Legal,24,0.03,2023-02-01,"Private Equity","United States",100
Theskimm,"New York City",Media,17,0.1,2023-02-01,"Series C","United States",28
Paypal,"SF Bay Area",Finance,2000,0.07,2023-01-31,Post-IPO,"United States",216
Workday,"SF Bay Area",Hr,525,0.03,2023-01-31,Post-IPO,"United States",230
Hubspot,Boston,Marketing,500,0.07,2023-01-31,Post-IPO,"United States",100
Upstart,"SF Bay Area",Finance,365,0.2,2023-01-31,Post-IPO,"United States",144
"Software ag",Frankfurt,Data,200,0.04,2023-01-31,Post-IPO,Germany,344
Wish,"SF Bay Area",Retail,150,0.17,2023-01-31,Post-IPO,"United States",1600
"Tilting point","New York City",Consumer,60,0.14,2023-01-31,Unknown,"United States",235
Au10tix,"Tel Aviv",Security,19,0.09,2023-01-31,Unknown,Israel,80
Arrival,London,Transportation,800,0.5,2023-01-30,Post-IPO,"United Kingdom",629
Glovo,Barcelona,Food,250,0.06,2023-01-30,Acquired,Spain,1200
"Delivery hero",Berlin,Food,156,0.04,2023-01-30,Post-IPO,Germany,9900
"Impossible foods copy","SF Bay Area",Food,140,0.2,2023-01-30,"Series H","United States",1900
Chrono24,Karlsruhe,Retail,65,0.13,2023-01-30,"Series C",Germany,205
Dealshare,Bengaluru,Retail,100,0.06,2023-01-27,"Series E",India,390
Matrixport,Singapore,Crypto,29,0.1,2023-01-27,"Series C",Singapore,100
Shakepay,Montreal,Crypto,21,0.25,2023-01-27,"Series A",Canada,45
#paid,Toronto,Marketing,19,0.17,2023-01-27,"Series B",Canada,21
Sap,Walldorf,Other,3000,0.03,2023-01-26,Post-IPO,Germany,1300
Confluent,"SF Bay Area",Data,221,0.08,2023-01-26,Post-IPO,"United States",455
Luno,London,Crypto,330,0.35,2023-01-25,Acquired,"United Kingdom",13
"Guardant health","SF Bay Area",Healthcare,130,0.07,2023-01-25,Post-IPO,"United States",550
Sirionlabs,Seattle,Legal,130,0.15,2023-01-25,"Series D","United States",171
"Tier mobility",Berlin,Transportation,80,0.07,2023-01-25,"Series D",Germany,646
Vacasa,Portland,Travel,1300,0.17,2023-01-24,Post-IPO,"United States",834
Innovaccer,"SF Bay Area",Healthcare,245,0.15,2023-01-24,"Series E","United States",379
Bolt,"SF Bay Area",Finance,50,0.1,2023-01-24,"Series E","United States",1300
Partnerstack,Toronto,Sales,40,0.2,2023-01-24,"Series B",Canada,36
Gitpod,Kiel,Product,21,0.28,2023-01-24,"Series A",Germany,41
Spotify,Stockholm,Media,600,0.06,2023-01-23,Post-IPO,Sweden,2100
"Uber freight","SF Bay Area",Logistics,150,0.03,2023-01-23,Subsidiary,"United States",2700
Innovid,"New York City",Marketing,40,0.1,2023-01-23,Post-IPO,"United States",295
Ermetic,"SF Bay Area",Security,30,0.17,2023-01-23,"Series B","United States",97
Namogoo,"Tel Aviv",Marketing,20,0.15,2023-01-23,"Series C","United States",69
Google,"SF Bay Area",Consumer,12000,0.06,2023-01-20,Post-IPO,"United States",26
Wayfair,Boston,Retail,1750,0.1,2023-01-20,Post-IPO,"United States",1700
Swiggy,Bengaluru,Food,380,0.06,2023-01-20,Unknown,India,3600
"Vox media","Washington D.C.",Media,130,0.07,2023-01-20,"Series F","United States",307
Enjoei,"Sao Paulo",Retail,31,0.1,2023-01-20,Unknown,Brazil,14
"Citrine informatics","SF Bay Area",Data,22,0.27,2023-01-20,"Series C","United States",64
Hubilo,"SF Bay Area",Other,115,0.35,2023-01-19,"Series B","United States",153
Saks.com,"New York City",Retail,100,0.05,2023-01-19,Unknown,"United States",965
"Cs disco",Austin,Legal,62,0.09,2023-01-19,Post-IPO,"United States",233
Microsoft,Seattle,Other,10000,0.05,2023-01-18,Post-IPO,"United States",1
Sophos,Oxford,Security,450,0.1,2023-01-18,Acquired,"United States",125
"Teladoc health","New York City",Healthcare,300,0.06,2023-01-18,Post-IPO,"United States",172
Vroom,"New York City",Transportation,275,0.2,2023-01-18,Post-IPO,"United States",1300
8x8,"SF Bay Area",Support,155,0.07,2023-01-18,Post-IPO,"United States",253
Pagaya,"New York City",Finance,140,0.2,2023-01-18,Post-IPO,"United States",571
Benevity,Calgary,Other,137,0.14,2023-01-18,Unknown,Canada,69
Inspirato,Denver,Travel,109,0.12,2023-01-18,Post-IPO,"United States",179
Jumpcloud,Boulder,Security,100,0.12,2023-01-18,"Series F","United States",416
Ncino,Wilmington,Finance,100,0.07,2023-01-18,Post-IPO,"United States",1100
Starry,Boston,Other,100,0.24,2023-01-18,Post-IPO,"United States",260
Hootsuite,Vancouver,Marketing,70,0.07,2023-01-18,"Series C",Canada,300
Clue,Berlin,Healthcare,31,0.31,2023-01-18,Unknown,Germany,47
Addepar,"SF Bay Area",Finance,20,0.03,2023-01-18,"Series F","United States",491
"Lightspeed commerce",Montreal,Retail,300,0.1,2023-01-17,Post-IPO,Canada,1200
Unity,"SF Bay Area",Other,284,0.03,2023-01-17,Post-IPO,"United States",1300
Britishvolt,London,Transportation,206,1,2023-01-17,Unknown,"United Kingdom",2400
Exotel,Bengaluru,Support,142,0.15,2023-01-17,"Series D",India,87
Unico,"Sao Paulo",Other,110,0.1,2023-01-17,"Series D",Brazil,336
"American robotics",Boston,Other,50,0.65,2023-01-17,Acquired,"United States",92
Sharechat,Bengaluru,Consumer,500,0.2,2023-01-16,"Series H",India,1700
Clearco,Toronto,Finance,50,0.3,2023-01-16,"Series C",Canada,698
Snappy,"New York City",Marketing,100,0.3,2023-01-15,"Series C","United States",104
Bharatagri,Mumbai,Food,40,0.43,2023-01-15,"Series A",India,21
"Lending club","SF Bay Area",Finance,225,0.14,2023-01-12,Post-IPO,"United States",392
Smartnews,Tokyo,Media,120,0.4,2023-01-12,"Series F","United States",410
Pier,"Sao Paulo",Finance,111,0.39,2023-01-12,"Series B",Brazil,42
Blockchain.com,London,Crypto,110,0.28,2023-01-12,"Series D","United Kingdom",490
Greenlight,Atlanta,Finance,104,0.21,2023-01-12,"Series D","United States",556
Flexport,"SF Bay Area",Logistics,640,0.2,2023-01-11,"Series E","United States",2400
Qualtrics,"Salt Lake City",Other,270,0.05,2023-01-11,Post-IPO,"United States",400
Verily,"SF Bay Area",Healthcare,250,0.15,2023-01-11,NULL,"United States",3500
Tipalti,"SF Bay Area",Finance,123,0.11,2023-01-11,"Series F","United States",565
Jumio,"SF Bay Area",Security,100,0.06,2023-01-11,"Private Equity","United States",205
Coinbase,"SF Bay Area",Crypto,950,0.2,2023-01-10,Post-IPO,"United States",549
Blend,"SF Bay Area",Finance,340,0.28,2023-01-10,Post-IPO,"United States",665
Consensys,"New York City",Crypto,100,0.11,2023-01-10,"Series D","United States",726
Forescout,"SF Bay Area",Security,100,0.1,2023-01-10,Post-IPO,"United States",125
Thinkific,Vancouver,Education,76,0.19,2023-01-10,Post-IPO,Canada,22
Parler,Nashville,Consumer,60,0.75,2023-01-10,"Series B","United States",36
Gobolt,Toronto,Logistics,55,0.05,2023-01-10,"Series C",Canada,178
Streamelements,"Tel Aviv",Media,40,0.2,2023-01-10,"Series B",Israel,111
"Fate therapeutics","San Diego",Healthcare,315,0.57,2023-01-09,Post-IPO,"United States",1200
"Minute media",London,Media,50,0.1,2023-01-08,"Series I","United Kingdom",160
Walkme,"SF Bay Area",Other,43,0.03,2023-01-08,Post-IPO,"United States",307
Huobi,Beijing,Crypto,275,0.2,2023-01-06,Unknown,China,2
Bounce,Bengaluru,Transportation,40,0.05,2023-01-06,"Series D",India,214
Soundhound,"SF Bay Area",Other,200,0.5,2023-01-05,Post-IPO,"United States",326
Socure,Reno,Finance,104,0.19,2023-01-05,"Series E","United States",646
Moglix,Singapore,Retail,40,0.02,2023-01-05,"Series F",Singapore,472
Everlane,"SF Bay Area",Retail,30,0.17,2023-01-05,Unknown,"United States",176
"Pecan ai","Tel Aviv",Data,30,0.25,2023-01-05,"Series C",Israel,116
Personetics,"New York City",Support,30,0.08,2023-01-05,"Private Equity","United States",178
"Twine solutions","Tel Aviv",Hardware,30,0.33,2023-01-05,Unknown,Israel,50
Upscalio,Gurugram,Retail,25,0.15,2023-01-05,"Series B",India,62
Amazon,Seattle,Retail,8000,0.02,2023-01-04,Post-IPO,"United States",108
Salesforce,"SF Bay Area",Sales,8000,0.1,2023-01-04,Post-IPO,"United States",65
Astronomer,Cincinnati,Data,76,0.2,2023-01-04,"Series C","United States",282
Kaltura,"New York City",Media,75,0.11,2023-01-04,Post-IPO,"United States",166
Augury,"New York City",Manufacturing,20,0.05,2023-01-04,"Series E","United States",274
Uniphore,"SF Bay Area",Support,76,0.1,2023-01-03,"Series E","United States",620
"Back market",Paris,Retail,93,0.13,2022-12-23,"Series E",France,1000
Tusimple,"San Diego",Transportation,350,0.25,2022-12-21,Post-IPO,"United States",648
Chope,Singapore,Food,65,0.24,2022-12-20,"Series E",Singapore,50
Briza,Toronto,Finance,26,0.4,2022-12-20,"Series A",Canada,10
Homebot,Denver,"Real estate",18,0.13,2022-12-19,Acquired,"United States",4
Tomorrow,Hamburg,Finance,30,0.25,2022-12-16,Unknown,Germany,29
Revelate,Montreal,Data,24,0.3,2022-12-16,"Series A",Canada,26
Bigcommerce,Austin,Retail,180,0.13,2022-12-15,Post-IPO,"United States",224
Freshworks,"SF Bay Area",Support,90,0.02,2022-12-15,Post-IPO,"United States",484
Leaflink,"New York City",Other,80,0.31,2022-12-15,"Series C","United States",379
Workmotion,Berlin,Hr,60,0.2,2022-12-15,"Series B","United States",76
Jd.id,Jakarta,Retail,200,0.3,2022-12-14,Post-IPO,Indonesia,5100
Headspace,"Los Angeles",Healthcare,50,0.04,2022-12-14,Unknown,"United States",215
Chownow,"Los Angeles",Food,40,0.1,2022-12-14,"Series C","United States",64
Thumbtack,"SF Bay Area",Consumer,160,0.14,2022-12-13,"Series I","United States",698
Edgio,Phoenix,Infrastructure,95,0.1,2022-12-13,Post-IPO,"United States",462
"Komodo health","SF Bay Area",Healthcare,78,0.09,2022-12-13,"Series E","United States",514
Pluralsight,"Salt Lake City",Education,400,0.2,2022-12-12,Acquired,"United States",192
Outschool,"SF Bay Area",Education,43,0.25,2022-12-10,"Series D","United States",240
Xentral,Munich,Product,20,0.1,2022-12-10,"Series B",Germany,94
Alice,"Sao Paulo",Healthcare,113,0.16,2022-12-09,"Series C",Brazil,174
Primer,London,Finance,85,0.33,2022-12-09,"Series B","United Kingdom",73
Onefootball,Berlin,Marketing,62,0.115,2022-12-09,"Series D",Germany,442
C2fo,"Kansas City",Finance,20,0.02,2022-12-09,"Series H","United States",537
Airtable,"SF Bay Area",Product,254,0.2,2022-12-08,"Series F","United States",1400
Swiggy,Bengaluru,Food,250,0.03,2022-12-08,Unknown,India,3600
Glints,Singapore,Hr,198,0.18,2022-12-08,"Series D",Singapore,82
Buser,"Sao Paulo",Transportation,160,0.3,2022-12-08,"Series C",Brazil,138
Blackline,"Los Angeles",Finance,95,0.05,2022-12-08,"Private Equity","United States",220
Otonomo,"Tel Aviv",Transportation,80,0.5,2022-12-08,Post-IPO,Israel,231
Techtarget,Boston,Marketing,60,0.05,2022-12-08,Post-IPO,"United States",115
Cycognito,"SF Bay Area",Security,30,0.15,2022-12-08,"Series C","United States",153
Armis,"SF Bay Area",Security,25,0.04,2022-12-08,"Private Equity","United States",537
Loft,"Sao Paulo","Real estate",312,0.12,2022-12-07,Unknown,Brazil,788
Plaid,"SF Bay Area",Finance,260,0.2,2022-12-07,"Series D","United States",734
Motive,"SF Bay Area",Transportation,237,0.06,2022-12-07,"Series F","United States",567
Relativity,Chicago,Legal,150,0.1,2022-12-07,"Private Equity","United States",125
Voi,Stockholm,Transportation,130,0.13,2022-12-07,"Series D","United States",515
"Integral ad science","New York City",Marketing,120,0.13,2022-12-07,Acquired,"United States",116
Houzz,"SF Bay Area",Consumer,95,0.08,2022-12-07,"Series E","United States",613
Grover,Berlin,Retail,40,0.1,2022-12-07,Unknown,"United States",2300
Lev,"New York City","Real estate",30,0.3,2022-12-07,"Series B","United States",114
Lithic,"New York City",Finance,27,0.18,2022-12-07,"Series C","United States",115
Doma,"SF Bay Area",Finance,515,0.4,2022-12-06,Post-IPO,"United States",679
Buzzfeed,"New York City",Media,180,0.12,2022-12-06,Post-IPO,"United States",696
"Chipper cash","SF Bay Area",Finance,50,0.125,2022-12-06,"Series C","United States",302
Stash,"New York City",Finance,32,0.08,2022-12-06,Unknown,"United States",480
"Perimeter 81","Tel Aviv",Security,20,0.08,2022-12-06,"Series C",Israel,165
Bridgit,Waterloo,Construction,13,0.13,2022-12-06,"Series B",Canada,36
"Aqua security",Boston,Security,65,0.1,2022-12-05,"Series E","United States",265
Datarails,"Tel Aviv",Finance,30,0.18,2022-12-05,"Series B",Israel,103
Polly,Burlington,Finance,47,0.15,2022-12-02,"Series C","United States",184
Carousell,Singapore,Retail,110,0.1,2022-12-01,"Private Equity",Singapore,372
Bizzabo,"New York City",Marketing,100,0.37,2022-12-01,"Series E","United States",194
Netlify,"SF Bay Area",Product,48,0.16,2022-12-01,"Series D","United States",212
Springbig,Miami,Sales,37,0.23,2022-12-01,Post-IPO,"United States",32
Doordash,"SF Bay Area",Food,1250,0.06,2022-11-30,Post-IPO,"United States",2500
Kraken,"SF Bay Area",Crypto,1100,0.3,2022-11-30,Unknown,"United States",134
"Happy money","Los Angeles",Finance,158,0.34,2022-11-30,"Series D","United States",191
Ula,Jakarta,Retail,134,0.23,2022-11-30,"Series B",Indonesia,140
Wonder,"New York City",Food,130,0.07,2022-11-30,"Series B","United States",850
Grin,Sacramento,Marketing,60,0.13,2022-11-30,"Series B","United States",145
Ualã¡,"Buenos Aires",Finance,53,0.03,2022-11-30,"Series D",Argentina,544
Teachmint,Bengaluru,Education,45,0.05,2022-11-30,"Series B",India,118
Thread,London,Retail,30,0.5,2022-11-30,Acquired,"United Kingdom",40
Lyst,London,Retail,50,0.25,2022-11-29,Unknown,"United Kingdom",144
Coinjar,Melbourne,Crypto,10,0.2,2022-11-29,Unknown,Australia,1
Infarm,Berlin,Other,500,0.5,2022-11-28,"Series D",Germany,604
"Wildlife studios","Sao Paulo",Consumer,300,0.2,2022-11-28,Unknown,Brazil,260
Applyboard,Waterloo,Education,90,0.06,2022-11-28,"Series D",Canada,483
Ajaib,Jakarta,Finance,67,0.08,2022-11-28,Unknown,Indonesia,245
"Candy digital","New York City",Crypto,33,0.33,2022-11-28,"Series A","United States",100
Researchgate,Berlin,Other,25,0.1,2022-11-28,"Series D",Germany,87
"Verse innovation",Bengaluru,Media,150,0.05,2022-11-25,"Series J",India,1700
Carwow,London,Transportation,70,0.2,2022-11-25,Unknown,"United Kingdom",157
Vendease,Lagos,Food,27,0.09,2022-11-25,"Series A",Nigeria,43
Lemon,"Buenos Aires",Crypto,100,0.38,2022-11-24,"Series A",Argentina,17
Quidax,Lagos,Crypto,20,0.2,2022-11-24,Unknown,Nigeria,3
Sirclo,Jakarta,Retail,160,0.08,2022-11-22,"Series B",Indonesia,92
Trax,Singapore,Retail,80,0.08,2022-11-22,"Series E",Singapore,1000
Jumia,Lagos,Retail,900,0.2,2022-11-21,Post-IPO,Nigeria,1200
Kitopi,Dubai,Food,93,0.1,2022-11-21,"Series C","United States",804
Zomato,Gurugram,Food,100,0.04,2022-11-19,"Series J",India,914
Carvana,Phoenix,Transportation,1500,0.08,2022-11-18,Post-IPO,"United States",1600
Nuro,"SF Bay Area",Transportation,300,0.2,2022-11-18,"Series D","United States",2100
Synthego,"SF Bay Area",Healthcare,105,0.2,2022-11-18,"Series E","United States",459
Roku,"SF Bay Area",Media,200,0.07,2022-11-17,Post-IPO,"United States",208
Juni,Gothenburg,Finance,72,0.33,2022-11-17,Unknown,Sweden,281
Capitolis,"New York City",Finance,37,0.25,2022-11-17,"Series D","United States",281
Tealbook,Toronto,Other,34,0.19,2022-11-17,"Series B",Canada,73
Koho,Toronto,Finance,15,0.04,2022-11-17,"Series D",Canada,278
&open,Dublin,Marketing,9,0.09,2022-11-17,"Series A",Ireland,35
Amazon,Seattle,Retail,10000,0.03,2022-11-16,Post-IPO,"United States",108
Cisco,"SF Bay Area",Infrastructure,4100,0.05,2022-11-16,Post-IPO,"United States",2
Twiga,Nairobi,Food,211,0.21,2022-11-16,"Series C",Kenya,157
Wayflyer,Dublin,Marketing,200,0.4,2022-11-16,Unknown,Ireland,889
Similarweb,"New York City",Other,120,0.1,2022-11-16,Post-IPO,"United States",235
Salsify,Boston,Retail,90,0.11,2022-11-16,"Series F","United States",452
Lokalise,Dover,Other,76,0.23,2022-11-16,"Series B","United States",56
Yotpo,"New York City",Marketing,70,0.09,2022-11-16,Unknown,"United States",436
"Pear therapeutics",Boston,Healthcare,59,0.22,2022-11-16,Post-IPO,"United States",409
Uipath,"New York City",Data,241,0.06,2022-11-15,Post-IPO,"United States",2000
Asana,"SF Bay Area",Other,180,0.09,2022-11-15,Post-IPO,"United States",453
Ownbackup,"New York City",Security,170,0.17,2022-11-15,"Series E","United States",507
"Deliveroo australia",Melbourne,Food,120,1,2022-11-15,Post-IPO,Australia,1700
Jimdo,Hamburg,Other,50,0.16,2022-11-15,Unknown,Germany,28
Captivateiq,"SF Bay Area",Sales,31,0.1,2022-11-15,"Series C","United States",164
Illumina,"San Diego",Healthcare,500,0.05,2022-11-14,Post-IPO,"United States",28
Ifit,Logan,Fitness,300,0.2,2022-11-14,"Private Equity","United States",200
Ribbon,"New York City","Real estate",170,0.85,2022-11-14,"Series C","United States",405
Pipedrive,Tallinn,Sales,143,0.15,2022-11-14,"Private Equity",Estonia,90
Intercom,"SF Bay Area",Support,124,0.13,2022-11-14,"Series D","United States",240
"Pear therapeutics",Boston,Healthcare,59,0.22,2022-11-14,Post-IPO,"United States",409
Cloudinary,"SF Bay Area",Media,40,0.08,2022-11-14,Unknown,"United States",100
Veev,"SF Bay Area","Real estate",100,0.3,2022-11-11,"Series D","United States",597
Forto,Berlin,Logistics,60,0.08,2022-11-11,"Series D","United States",593
"Goto group",Jakarta,Transportation,1300,0.12,2022-11-10,Post-IPO,Indonesia,1300
Blend,"SF Bay Area",Finance,100,0.06,2022-11-10,Post-IPO,"United States",665
Influxdata,"SF Bay Area",Data,65,0.27,2022-11-10,"Series D","United States",119
Soundhound,"SF Bay Area",Other,45,0.1,2022-11-10,Post-IPO,"United States",326
Ocavu,Lehi,Crypto,20,0.48,2022-11-10,"Series A","United States",11
Meta,"SF Bay Area",Consumer,11000,0.13,2022-11-09,Post-IPO,"United States",26000
Redfin,Seattle,"Real estate",862,0.13,2022-11-09,Post-IPO,"United States",320
Flyhomes,Seattle,"Real estate",300,0.4,2022-11-09,"Series C","United States",310
Avantstay,"Los Angeles",Travel,144,0.22,2022-11-09,"Private Equity","United States",686
"Root insurance",Columbus,Finance,137,0.2,2022-11-09,Post-IPO,"United States",527
Liftoff,"SF Bay Area",Marketing,130,0.15,2022-11-09,Acquired,"United States",6
Plum,Bengaluru,Healthcare,36,0.1,2022-11-09,"Series A",India,20
Kabam,"SF Bay Area",Consumer,35,0.07,2022-11-09,Acquired,"United States",244
Namogoo,"Tel Aviv",Marketing,25,0.15,2022-11-09,"Series C","United States",69
"Repertoire immune medicines",Boston,Healthcare,65,0.5,2022-11-08,"Series B","United States",257
Salesforce,"SF Bay Area",Sales,1000,0.01,2022-11-07,Post-IPO,"United States",65
Unacademy,Bengaluru,Education,350,0.1,2022-11-07,"Series H",India,838
Zendesk,"SF Bay Area",Support,350,0.05,2022-11-07,Acquired,"United States",85
Dock,"Sao Paulo",Finance,190,0.12,2022-11-07,"Private Equity",Brazil,280
Varonis,"New York City",Security,110,0.05,2022-11-06,Post-IPO,"United States",30
Twitter,"SF Bay Area",Consumer,3700,0.5,2022-11-04,Post-IPO,"United States",12900
Planetly,Berlin,Other,200,1,2022-11-04,Acquired,Germany,5
Koinworks,Jakarta,Finance,70,0.08,2022-11-04,Unknown,Indonesia,180
Exodus,"Nebraska City",Crypto,59,0.22,2022-11-04,Unknown,"United States",60
Stripe,"SF Bay Area",Finance,1000,0.14,2022-11-03,"Series H","United States",2300
Lyft,"SF Bay Area",Transportation,700,0.13,2022-11-03,Post-IPO,"United States",4900
Pleo,Copenhagen,Finance,150,0.15,2022-11-03,"Series C","United States",428
Shippo,"SF Bay Area",Logistics,60,0.2,2022-11-03,"Series E","United States",154
Opendoor,"SF Bay Area","Real estate",550,0.18,2022-11-02,Post-IPO,"United States",1900
Chime,"SF Bay Area",Finance,156,0.12,2022-11-02,"Series G","United States",2300
Chargebee,"SF Bay Area",Finance,142,0.1,2022-11-02,"Series H","United States",468
"Dapper labs",Vancouver,Crypto,134,0.22,2022-11-02,"Series D","United States",607
Checkmarx,"Tel Aviv",Security,100,0.1,2022-11-02,"Series C",Israel,92
Smava,Berlin,Finance,100,0.15,2022-11-02,Unknown,Germany,188
"Iron ox","SF Bay Area",Food,50,0.5,2022-11-02,"Series C","United States",103
Upstart,"SF Bay Area",Finance,140,0.07,2022-11-01,Post-IPO,"United States",144
Gem,"SF Bay Area",Recruiting,100,0.33,2022-11-01,"Series C","United States",148
Oda,Oslo,Food,70,0.18,2022-11-01,Unknown,Sweden,377
Oda,Oslo,Food,70,0.18,2022-11-01,Unknown,Norway,477
Oda,Oslo,Food,70,0.06,2022-11-01,Unknown,Norway,479
Hootsuite,Vancouver,Marketing,50,0.05,2022-11-01,"Series C",Canada,300
Kry,Stockholm,Healthcare,300,0.1,2022-10-31,"Series D",Sweden,568
Equityzen,"New York City",Finance,30,0.27,2022-10-31,"Series B","United States",11
Equitybee,"SF Bay Area",Finance,25,0.2,2022-10-31,"Series B","United States",85
"Fifth season",Pittsburgh,Food,100,1,2022-10-28,"Series B","United States",35
Renorun,Montreal,Construction,210,0.43,2022-10-27,"Series B",Canada,163
Recharge,"Los Angeles",Finance,84,0.17,2022-10-27,"Series B","United States",277
Mindbody,"San Luis Obispo",Fitness,400,0.15,2022-10-26,Post-IPO,"United States",114
Zillow,Seattle,"Real estate",300,0.05,2022-10-26,Post-IPO,"United States",97
Cybereason,Boston,Security,200,0.17,2022-10-26,"Series F","United States",750
Fundbox,"SF Bay Area",Finance,150,0.42,2022-10-25,"Series D","United States",553
Embroker,"SF Bay Area",Finance,30,0.12,2022-10-25,"Series C","United States",142
Vee,"Tel Aviv",Hr,17,0.5,2022-10-25,Seed,Israel,15
Cerebral,"SF Bay Area",Healthcare,400,0.2,2022-10-24,"Series C","United States",462
Snyk,Boston,Security,198,0.14,2022-10-24,"Series F","United States",849
Unico,"Sao Paulo",Other,50,0.04,2022-10-24,"Series D",Brazil,336
Orcam,Jerusalem,Healthcare,62,0.16,2022-10-23,Unknown,Israel,86
"Antidote health","Tel Aviv",Healthcare,23,0.38,2022-10-23,Unknown,Israel,36
Khoros,Austin,Sales,120,0.1,2022-10-21,"Private Equity","United States",138
Elinvar,Berlin,Finance,43,0.33,2022-10-21,Unknown,Germany,30
Synapsica,"New Delhi",Healthcare,30,0.3,2022-10-21,"Series A",India,4
Hotmart,"Belo Horizonte",Marketing,227,0.12,2022-10-20,"Series C",Brazil,127
"Zeus living","SF Bay Area","Real estate",64,0.46,2022-10-20,"Series C","United States",151
Loom,"SF Bay Area",Product,23,0.11,2022-10-20,"Series C","United States",203
Atob,"SF Bay Area",Finance,32,0.3,2022-10-19,"Series B","United States",177
Infosum,London,Security,20,0.12,2022-10-19,"Series B","United Kingdom",88
Faire,"SF Bay Area",Retail,84,0.07,2022-10-18,"Series G","United States",1700
Leafly,Seattle,Retail,56,0.21,2022-10-18,Post-IPO,"United States",71
Flipboard,"SF Bay Area",Media,24,0.21,2022-10-16,Unknown,"United States",235
"Beyond meat","Los Angeles",Food,200,0.19,2022-10-14,Post-IPO,"United States",122
Playdots,"New York City",Consumer,65,1,2022-10-13,Acquired,"United States",10
Byju's,Bengaluru,Education,2500,0.05,2022-10-12,"Private Equity",India,5500
6sense,"SF Bay Area",Sales,150,0.1,2022-10-12,"Series E","United States",426
Frontrow,Bengaluru,Education,130,0.75,2022-10-12,"Series A",India,17
Noom,"New York City",Healthcare,500,0.1,2022-10-11,"Series F","United States",657
Brex,"SF Bay Area",Finance,136,0.11,2022-10-11,"Series D","United States",1500
Pacaso,"SF Bay Area","Real estate",100,0.3,2022-10-11,"Series C","United States",217
Udacity,"SF Bay Area",Education,55,0.13,2022-10-11,Unknown,"United States",235
Linkfire,Copenhagen,Marketing,35,0.35,2022-10-11,Seed,Denmark,2
Momentive,"SF Bay Area",Marketing,180,0.11,2022-10-10,Post-IPO,"United States",1100
"Pavilion data","SF Bay Area",Infrastructure,96,0.96,2022-10-10,"Series D","United States",103
"Redesign health","New York City",Healthcare,67,0.2,2022-10-10,"Series C","United States",315
Biomarin,"SF Bay Area",Healthcare,120,0.04,2022-10-07,Post-IPO,"United States",585
Crypto.com,Singapore,Crypto,2000,0.3,2022-10-06,Unknown,Singapore,156
Peloton,"New York City",Fitness,500,0.12,2022-10-06,Post-IPO,"United States",1900
"Impossible foods","SF Bay Area",Food,50,0.06,2022-10-06,"Series H","United States",1900
"Built in",Chicago,Recruiting,50,0.25,2022-10-05,"Series C","United States",29
8x8,"SF Bay Area",Support,200,0.09,2022-10-04,Post-IPO,"United States",253
Homie,"Salt Lake City","Real estate",40,0.13,2022-10-04,"Series B","United States",35
Spin,"SF Bay Area",Transportation,78,0.1,2022-09-30,Acquired,"United States",8
Mux,"SF Bay Area",Infrastructure,40,0.2,2022-09-29,"Series D","United States",173
Docusign,"SF Bay Area",Sales,671,0.09,2022-09-28,Post-IPO,"United States",536
"Divvy homes","SF Bay Area","Real estate",40,0.12,2022-09-27,"Series B","United States",180
Moss,Berlin,Fin-tech,70,0.15,2022-09-23,"Series B",Germany,150
Foxtrot,Chicago,Food,26,0.035,2022-09-23,"Series C","United States",166
Truiloo,Vancouver,Security,24,0.05,2022-09-23,"Series D",Canada,474
Nydig,"New York City",Crypto,110,0.33,2022-09-22,"Private Equity","United States",1400
"Kitty hawk","SF Bay Area",Aerospace,100,1,2022-09-21,Unknown,"United States",1
Ada,Toronto,Support,78,0.16,2022-09-20,"Series C",Canada,190
99,"Sao Paulo",Transportation,75,0.02,2022-09-20,Acquired,Brazil,244
"Vesalius therapeutics",Boston,Healthcare,29,0.43,2022-09-19,"Series B","United States",75
Clear,Bengaluru,Finance,190,0.2,2022-09-16,"Series C",India,140
Truelayer,London,Finance,40,0.1,2022-09-16,"Series E","United States",271
Liveperson,"New York City",Support,193,0.11,2022-09-15,Post-IPO,"United States",42
Acast,Stockholm,Media,70,0.15,2022-09-15,Post-IPO,Sweden,126
Workramp,"SF Bay Area",Hr,35,0.2,2022-09-15,"Series C","United States",67
Twilio,"SF Bay Area",Other,800,0.11,2022-09-14,Post-IPO,"United States",614
Pitch,Berlin,Marketing,59,0.3,2022-09-14,"Series B",Germany,137
Infarm,Berlin,Other,50,0.05,2022-09-14,"Series D",Germany,604
Rubius,Boston,Healthcare,160,0.75,2022-09-13,Post-IPO,"United States",445
Checkout.com,London,Finance,100,0.05,2022-09-13,"Series D","United Kingdom",1800
Taboola,"New York City",Marketing,100,0.06,2022-09-13,Post-IPO,"United States",445
Patreon,"SF Bay Area",Media,80,0.17,2022-09-13,"Series F","United States",413
Compete,"Tel Aviv",Hr,11,0.28,2022-09-12,"Series A",Israel,17
"Pomelo fashion",Bangkok,Retail,55,0.08,2022-09-08,Unknown,Thailand,120
"Simple feast",Copenhagen,Food,150,1,2022-09-07,Unknown,Denmark,173
Intercom,"SF Bay Area",Support,49,0.05,2022-09-07,"Series D","United States",240
Pendo,Raleigh,Product,45,0.05,2022-09-07,"Series F","United States",469
Demandbase,"SF Bay Area",Sales,27,0.03,2022-09-07,"Series H","United States",143
"Brave care",Portland,Healthcare,40,0.33,2022-09-06,"Series B","United States",42
Lawgeex,"Tel Aviv",Legal,30,0.33,2022-09-06,"Series C",Israel,41
Kuda,Lagos,Finance,23,0.05,2022-09-02,"Series B",Nigeria,91
2tm,"Sao Paulo",Crypto,100,0.15,2022-09-01,Unknown,Brazil,250
Innovaccer,"SF Bay Area",Healthcare,90,0.08,2022-09-01,"Series E","United States",379
"Urban sports club",Berlin,Fitness,55,0.15,2022-09-01,Unknown,Germany,95
Snap,"Los Angeles",Consumer,1280,0.2,2022-08-31,Post-IPO,"United States",4900
Goodrx,"Los Angeles",Healthcare,140,0.16,2022-08-31,Post-IPO,"United States",910
Smava,Berlin,Finance,100,0.1,2022-08-31,Unknown,Germany,188
"Hippo insurance","SF Bay Area",Finance,70,0.1,2022-08-31,Post-IPO,"United States",1300
Tcr2,Boston,Healthcare,30,0.2,2022-08-31,Post-IPO,"United States",173
"Apartment list","SF Bay Area","Real estate",29,0.1,2022-08-31,"Series D","United States",169
"Immersive labs",Bristol,Security,38,0.1,2022-08-30,"Series C","United Kingdom",123
54gene,"Washington D.C.",Healthcare,95,0.3,2022-08-29,"Series B","United States",44
Argyle,"New York City",Finance,20,0.07,2022-08-26,"Series B","United States",78
Reali,"SF Bay Area","Real estate",140,1,2022-08-24,"Series B","United States",117
Loop,"Washington D.C.",Finance,15,0.2,2022-08-24,"Series A","United States",24
"Tier mobility",Berlin,Transportation,180,0.16,2022-08-23,"Series D",Germany,646
Packable,"New York City",Retail,138,0.2,2022-08-23,Unknown,"United States",472
Q4,Toronto,Other,50,0.08,2022-08-23,"Series C",Canada,91
Skedulo,"SF Bay Area",Hr,31,0.08,2022-08-23,"Series C","United States",114
Plato,"SF Bay Area",Hr,29,0.5,2022-08-23,Seed,"United States",3
Nso,"Tel Aviv",Security,100,0.14,2022-08-21,Seed,Israel,1
Tufin,Boston,Security,55,0.1,2022-08-21,Acquired,"United States",21
Amperity,Seattle,Marketing,13,0.03,2022-08-20,"Series D","United States",187
Wayfair,Boston,Retail,870,0.05,2022-08-19,Post-IPO,"United States",1700
"New relic","SF Bay Area",Infrastructure,110,0.05,2022-08-18,Post-IPO,"United States",214
Wheel,Austin,Healthcare,35,0.17,2022-08-18,"Series C","United States",215
Malwarebytes,"SF Bay Area",Security,125,0.14,2022-08-17,"Series B","United States",80
Alayacare,Montreal,Healthcare,80,0.14,2022-08-16,"Series D",Canada,293
Pliops,"Tel Aviv",Data,12,0.09,2022-08-16,"Series D",Israel,205
Woven,Indianapolis,Hr,5,0.15,2022-08-16,"Series A","United States",11
Sema4,Stamford,Healthcare,250,0.13,2022-08-15,Post-IPO,"United States",791
Blend,"SF Bay Area",Finance,220,0.12,2022-08-15,Post-IPO,"United States",665
Contrafect,"New York City",Healthcare,16,0.37,2022-08-15,Post-IPO,"United States",380
Peloton,"New York City",Fitness,784,0.13,2022-08-12,Post-IPO,"United States",1900
Truepill,"SF Bay Area",Healthcare,175,0.33,2022-08-11,"Series D","United States",255
Calm,"SF Bay Area",Healthcare,90,0.2,2022-08-11,"Series C","United States",218
Fourkites,Chicago,Logistics,60,0.08,2022-08-11,"Series D","United States",201
Marketforce,Nairobi,Retail,54,0.09,2022-08-11,"Series A",Kenya,42
Trybe,"Sao Paulo",Education,47,0.1,2022-08-10,"Series B",Brazil,40
Permutive,London,Marketing,30,0.12,2022-08-10,"Series C","United Kingdom",105
Gohealth,Chicago,Healthcare,800,0.2,2022-08-09,Post-IPO,"United States",75
Hootsuite,Vancouver,Marketing,400,0.3,2022-08-09,"Series C",Canada,300
Nutanix,"SF Bay Area",Infrastructure,270,0.04,2022-08-09,Post-IPO,"United States",1100
Quanterix,Boston,Healthcare,130,0.25,2022-08-09,Post-IPO,"United States",533
Madeiramadeira,Curitiba,Retail,60,0.03,2022-08-09,"Series E",Brazil,338
Linktree,Melbourne,Consumer,50,0.17,2022-08-09,Unknown,Australia,165
Shogun,"SF Bay Area",Retail,48,0.3,2022-08-09,"Series C","United States",114
Groupon,Chicago,Retail,500,0.15,2022-08-08,Post-IPO,"United States",1400
Loggi,"Sao Paulo",Logistics,500,0.15,2022-08-08,"Series F",Brazil,507
Perion,"Tel Aviv",Marketing,20,0.05,2022-08-08,Post-IPO,Israel,76
Irobot,Boston,Consumer,140,0.1,2022-08-05,Acquired,"United States",30
Mejuri,Toronto,Retail,50,0.1,2022-08-05,"Series B",Canada,28
Uberflip,Toronto,Marketing,31,0.17,2022-08-05,"Series A",Canada,42
Doma,"SF Bay Area",Finance,250,0.13,2022-08-04,Post-IPO,"United States",679
"Jam city","Los Angeles",Consumer,200,0.17,2022-08-04,Unknown,"United States",652
"10x genomics","SF Bay Area",Healthcare,100,0.08,2022-08-04,Post-IPO,"United States",242
Lead,Mumbai,Education,80,0.04,2022-08-04,"Series E",India,166
"On deck","SF Bay Area",Education,73,0.33,2022-08-04,"Series A","United States",20
Renorun,Montreal,Construction,70,0.12,2022-08-04,"Series B",Canada,163
Unbounce,Vancouver,Marketing,47,0.2,2022-08-03,"Series A",Canada,39
Robinhood,"SF Bay Area",Finance,713,0.23,2022-08-02,Post-IPO,"United States",5600
Latch,"New York City",Security,115,0.37,2022-08-02,Post-IPO,"United States",342
Nylas,"SF Bay Area",Product,80,0.25,2022-08-02,"Series C","United States",175
Outreach,Seattle,Sales,60,0.05,2022-08-02,"Series G","United States",489
Sendy,Nairobi,Logistics,54,0.2,2022-08-02,"Series B",Kenya,26
Sendy,Nairobi,Logistics,30,0.1,2022-08-02,"Series B",Kenya,26
Stedi,Boulder,Product,23,0.3,2022-08-02,"Series B","United States",75
Glossier,"New York City",Retail,19,0.08,2022-08-02,"Series E","United States",266
Hash,"Sao Paulo",Finance,58,0.5,2022-08-01,"Series C",Brazil,58
Metigy,Sydney,Marketing,75,1,2022-07-31,"Series B",Australia,18
Vee,"Tel Aviv",Hr,16,0.32,2022-07-31,Seed,Israel,15
Clearco,Toronto,Fin-tech,125,0.25,2022-07-29,"Series C",Canada,681
Quantcast,"SF Bay Area",Marketing,40,0.06,2022-07-29,"Series C","United States",65
"Career karma","SF Bay Area",Education,60,0.33,2022-07-28,"Series B","United States",51
Metromile,"SF Bay Area",Finance,60,0.2,2022-07-28,Acquired,"United States",510
Rivian,Detroit,Transportation,840,0.06,2022-07-27,Post-IPO,"United States",10700
"Vox media","Washington D.C.",Media,39,0.02,2022-07-27,"Series F","United States",307
Coinsquare,Toronto,Crypto,30,0.24,2022-07-27,Unknown,Canada,98
Skai,"Tel Aviv",Marketing,30,0.04,2022-07-27,"Series E",Israel,60
Shopify,Ottawa,Retail,1000,0.1,2022-07-26,Post-IPO,Canada,122
Fiverr,"Tel Aviv",Other,60,0.08,2022-07-26,Post-IPO,Israel,111
Indebted,Sydney,Finance,40,0.17,2022-07-26,"Series B",Australia,41
Outbrain,"New York City",Marketing,38,0.03,2022-07-26,Post-IPO,"United States",394
Dover,"SF Bay Area",Recruiting,23,0.3,2022-07-26,"Series A","United States",22
Immutable,Sydney,Crypto,20,0.06,2022-07-26,"Series C",Australia,279
"Pear therapeutics",Boston,Healthcare,25,0.09,2022-07-25,Post-IPO,"United States",409
Soluto,"Tel Aviv",Support,120,1,2022-07-24,Acquired,Israel,18
Eucalyptus,Sydney,Healthcare,50,0.2,2022-07-22,"Series C","United States",69
Quanto,"Sao Paulo",Finance,28,0.22,2022-07-22,"Series A",Brazil,15
"Clarify health","SF Bay Area",Healthcare,15,0.05,2022-07-22,"Series D","United States",328
Blockchain.com,London,Crypto,150,0.25,2022-07-21,"Series D","United Kingdom",490
Whoop,Boston,Fitness,95,0.15,2022-07-21,"Series F","United States",404
"Rad power bikes",Seattle,Transportation,63,0.1,2022-07-21,"Series D","United States",329
Lunchbox,"New York City",Food,60,0.33,2022-07-21,"Series B","United States",72
Realself,Seattle,Healthcare,11,0.05,2022-07-21,"Series B","United States",42
Flyhomes,Seattle,"Real estate",200,0.2,2022-07-20,"Series C","United States",310
Lyft,"SF Bay Area",Transportation,60,0.02,2022-07-20,Post-IPO,"United States",4900
Introhive,Ferdericton,Sales,57,0.16,2022-07-20,"Series C",Canada,125
Zencity,"Tel Aviv",Other,30,0.2,2022-07-20,Unknown,Israel,51
Forma.ai,Toronto,Sales,15,0.09,2022-07-20,"Series B",Canada,58
Olive,Columbus,Healthcare,450,0.31,2022-07-19,"Series H","United States",856
Gemini,"New York City",Crypto,68,0.07,2022-07-18,Unknown,"United States",423
Lusha,"New York City",Marketing,30,0.1,2022-07-18,"Series B","United States",245
"Bright money",Bengaluru,Finance,100,0.5,2022-07-15,"Series A",India,31
Project44,Chicago,Logistics,63,0.05,2022-07-15,Unknown,"United States",817
Heroes,London,Retail,24,0.2,2022-07-15,Unknown,"United States",265
Zego,London,Finance,85,0.17,2022-07-14,"Series C","United Kingdom",202
"The mom project",Chicago,Hr,54,0.15,2022-07-14,"Series C","United States",115
"Unstoppable domains","SF Bay Area",Crypto,42,0.25,2022-07-14,"Series B","United States",7
Kiavi,"SF Bay Area","Real estate",39,0.07,2022-07-14,"Series E","United States",240
Wave,Dakar,Finance,300,0.15,2022-07-13,"Series A",Senegal,292
Tonal,"SF Bay Area",Fitness,262,0.35,2022-07-13,"Series E","United States",450
Fabric,"New York City",Logistics,120,0.4,2022-07-13,"Series C","United States",336
Bryter,Berlin,Product,100,0.3,2022-07-13,"Series B",Germany,89
Chownow,"Los Angeles",Food,100,0.2,2022-07-13,"Series C","United States",64
Involves,FlorianÃ³polis,Retail,70,0.18,2022-07-13,Unknown,Brazil,23
Gopuff,Philadelphia,Food,1500,0.1,2022-07-12,"Series H","United States",3400
Hubilo,"SF Bay Area",Marketing,45,0.12,2022-07-12,"Series B","United States",153
Hopin,London,Other,242,0.29,2022-07-11,"Series D","United Kingdom",1000
Sundaysky,"New York City",Marketing,24,0.13,2022-07-11,"Series D","United States",74
"Butler hospitality","New York City",Food,1000,1,2022-07-08,"Series B","United States",50
Calibrate,"New York City",Healthcare,156,0.24,2022-07-08,"Series B","United States",127
"Argo ai",Pittsburgh,Transportation,150,0.05,2022-07-07,Unknown,"United States",3600
"Next insurance","SF Bay Area",Finance,150,0.17,2022-07-07,"Series E","United States",881
Emotive,"Los Angeles",Marketing,30,0.18,2022-07-07,"Series B","United States",78
Remote,"SF Bay Area",Hr,100,0.09,2022-07-06,"Series C","United States",496
Anodot,"Tel Aviv",Data,35,0.27,2022-07-06,"Series C","United States",64
Sqream,"New York City",Data,30,0.18,2022-07-06,"Series B","United States",77
Loft,"Sao Paulo","Real estate",384,0.12,2022-07-05,Unknown,Brazil,788
Bizzabo,"New York City",Marketing,120,0.3,2022-07-05,"Series E","United States",194
Etoro,"Tel Aviv",Finance,100,0.06,2022-07-05,Unknown,Israel,322
Verbit,"New York City",Data,80,0.1,2022-07-05,"Series E","United States",569
Outschool,"SF Bay Area",Education,31,0.18,2022-07-05,"Series D","United States",240
Bullish,"Hong Kong",Crypto,30,0.08,2022-07-05,Unknown,"Hong Kong",300
"Transmit security",Boston,Security,27,0.07,2022-07-05,"Series A","United States",583
Thimble,"New York City",Fin-tech,20,0.33,2022-07-05,"Series A","United States",28
Syte,"Tel Aviv",Retail,13,0.08,2022-07-05,"Series C",Israel,71
Lightricks,Jerusalem,Consumer,80,0.12,2022-07-04,"Series D",Israel,335
Sendle,Sydney,Logistics,27,0.12,2022-07-04,"Series C",Australia,69
Lendis,Berlin,Other,18,0.15,2022-07-04,"Series A",Germany,90
Celsius,"New York City",Crypto,150,0.25,2022-07-03,"Series B","United States",864
Wanderjaunt,"SF Bay Area",Travel,85,1,2022-07-01,"Series B","United States",26
Canoo,"Los Angeles",Transportation,58,0.06,2022-07-01,Post-IPO,"United States",300
Teleport,"SF Bay Area",Infrastructure,15,0.06,2022-07-01,"Series C","United States",169
Enjoy,"SF Bay Area",Retail,400,0.18,2022-06-30,Post-IPO,"United States",310
Crejo.fun,Bengaluru,Education,170,1,2022-06-30,Seed,India,3
"Stash financial","New York City",Finance,40,0.08,2022-06-30,Unknown,"United States",480
Nate,"New York City",Retail,30,0.2,2022-06-30,"Series A","United States",47
Stream,Boulder,Product,20,0.12,2022-06-30,"Series B","United States",58
"Finleap connect",Hamburg,Finance,14,0.1,2022-06-30,"Series A",Germany,22
Abra,"SF Bay Area",Crypto,12,0.05,2022-06-30,"Series C","United States",106
Unity,"SF Bay Area",Other,200,0.04,2022-06-29,Post-IPO,"United States",1300
Niantic,"SF Bay Area",Consumer,85,0.08,2022-06-29,"Series D","United States",770
Qumulo,Seattle,Data,80,0.19,2022-06-29,"Series E","United States",347
Clutch,Toronto,Transportation,76,0.22,2022-06-29,"Series B",Canada,153
"Oye rickshaw","New Delhi",Transportation,40,0.2,2022-06-29,Unknown,India,13
Rows,Berlin,Other,18,0.3,2022-06-29,"Series B",Germany,25
Baton,"SF Bay Area",Transportation,16,0.25,2022-06-29,"Series A","United States",13
Substack,"SF Bay Area",Media,13,0.14,2022-06-29,"Series B","United States",82
Huobi,Beijing,Crypto,300,0.3,2022-06-28,Unknown,China,2
Stockx,Detroit,Retail,120,0.08,2022-06-28,"Series E","United States",690
"Sidecar health","Los Angeles",Healthcare,110,0.4,2022-06-28,"Series C","United States",163
Vezeeta,Dubai,Healthcare,50,0.1,2022-06-28,"Series D","United Arab Emirates",71
"Bright machines","SF Bay Area",Data,30,0.08,2022-06-28,Unknown,Israel,250
Healthmatch,Sydney,Healthcare,18,0.5,2022-06-28,"Series B",Australia,20
Applovin,"SF Bay Area",Marketing,300,0.12,2022-06-27,Post-IPO,"United States",1600
Uipath,"New York City",Data,210,0.05,2022-06-27,Post-IPO,"United States",2000
Udaan,Bengaluru,Retail,180,0.04,2022-06-27,Unknown,India,1500
Banxa,Melbourne,Crypto,70,0.3,2022-06-27,Post-IPO,Australia,13
Safegraph,"SF Bay Area",Data,27,0.25,2022-06-27,"Series B","United States",61
Bitpanda,Vienna,Crypto,270,0.27,2022-06-24,"Series C",Austria,546
Sunday,Atlanta,Finance,90,0.23,2022-06-24,"Series A","United States",124
Bestow,Dallas,Finance,41,0.14,2022-06-24,"Series C","United States",137
"Ethos life","SF Bay Area",Finance,40,0.12,2022-06-24,"Series D","United States",406
Netflix,"SF Bay Area",Media,300,0.03,2022-06-23,Post-IPO,"United States",121900
Aura,Boston,Security,70,0.09,2022-06-23,"Series F","United States",500
Pipl,Spokane,Security,22,0.13,2022-06-23,Unknown,"United States",19
Vouch,"SF Bay Area",Finance,15,0.07,2022-06-23,"Series C","United States",159
"Voyage sms","Los Angeles",Marketing,8,0.13,2022-06-23,Unknown,"United States",10
Masterclass,"SF Bay Area",Education,120,0.2,2022-06-22,"Series E","United States",461
Ironnet,"Washington D.C.",Security,90,0.35,2022-06-22,Post-IPO,"United States",410
Ironnet,"Washington D.C.",Security,55,0.17,2022-06-22,Post-IPO,"United States",410
Superpedestrian,Boston,Transportation,35,0.07,2022-06-22,"Series C","United States",261
Voi,Stockholm,Transportation,35,0.1,2022-06-22,"Series D","United States",515
Ritual,Toronto,Food,23,0.16,2022-06-22,"Series C",Canada,134
Ebanx,Curitiba,Finance,340,0.2,2022-06-21,"Series B",Brazil,460
Taskus,"Los Angeles",Support,52,0,2022-06-21,Post-IPO,"United States",279
Community,"Los Angeles",Marketing,40,0.3,2022-06-21,Unknown,"United States",40
Sourcegraph,"SF Bay Area",Product,24,0.08,2022-06-21,"Series D","United States",248
Summerbio,"SF Bay Area",Healthcare,101,1,2022-06-20,Unknown,"United States",7
Trax,Singapore,Retail,100,0.12,2022-06-20,"Series E",Singapore,1000
Aqgromalin,Chennai,Food,80,0.3,2022-06-20,Unknown,India,12
Bonsai,Toronto,Retail,30,0.55,2022-06-20,"Series A",Canada,27
Brighte,Sydney,Energy,30,0.15,2022-06-20,"Series C",Australia,145
Citymall,Gurugram,Retail,191,0.3,2022-06-19,"Series C",India,112
Bitoasis,Dubai,Crypto,9,0.05,2022-06-19,"Series B","United Arab Emirates",30
Unacademy,Bengaluru,Education,150,0.03,2022-06-18,"Series H",India,838
Socure,Reno,Finance,69,0.13,2022-06-17,"Series E","United States",646
"Finite state",Columbus,Security,16,0.2,2022-06-17,"Series B","United States",49
Jokr,"New York City",Food,50,0.05,2022-06-16,"Series B","United States",430
Zumper,"SF Bay Area","Real estate",45,0.15,2022-06-16,"Series D","United States",178
Swappie,Helsinki,Retail,250,0.17,2022-06-15,"Series C",Finland,169
Wealthsimple,Toronto,Finance,159,0.13,2022-06-15,Unknown,Canada,900
Weee!,"SF Bay Area",Food,150,0.1,2022-06-15,"Series E","United States",863
Notarize,Boston,Legal,110,0.25,2022-06-15,"Series D","United States",213
Elementor,"Tel Aviv",Media,60,0.15,2022-06-15,Unknown,Israel,65
Tonkean,"SF Bay Area",Other,23,0.23,2022-06-15,"Series B","United States",83
Openweb,"Tel Aviv",Media,14,0.05,2022-06-15,"Series E",Israel,223
Swyft,Toronto,Logistics,10,0.3,2022-06-15,"Series A",Canada,20
Coinbase,"SF Bay Area",Crypto,1100,0.18,2022-06-14,Post-IPO,"United States",549
Redfin,Seattle,"Real estate",470,0.08,2022-06-14,Post-IPO,"United States",319
Compass,"New York City","Real estate",450,0.1,2022-06-14,Post-IPO,"United States",1600
Sami,"Sao Paulo",Healthcare,75,0.15,2022-06-14,Unknown,Brazil,36
Breathe,"New Delhi",Healthcare,50,0.33,2022-06-14,"Series A",India,6
Tifin,Boulder,Crypto,24,0.1,2022-06-14,"Series D","United States",204
Blockfi,"New York City",Crypto,250,0.2,2022-06-13,"Series E","United States",1000
"Wave sports and entertainment","Los Angeles",Media,56,0.33,2022-06-13,"Series B","United States",65
Studio,"SF Bay Area",Education,33,0.4,2022-06-13,"Series B","United States",50
Crypto.com,Singapore,Crypto,260,0.05,2022-06-10,Unknown,Singapore,156
Fareye,"New Delhi",Logistics,250,0.3,2022-06-10,"Series E",India,150
"Berlin brands group",Berlin,Retail,100,0.1,2022-06-10,Unknown,Germany,1000
Sanar,"Sao Paulo",Healthcare,60,0.2,2022-06-10,Unknown,Brazil,11
Freetrade,London,Finance,45,0.15,2022-06-10,Unknown,"United Kingdom",133
Albert,"Los Angeles",Finance,20,0.08,2022-06-10,"Series C","United States",175
Onetrust,Atlanta,Security,950,0.25,2022-06-09,"Series C","United States",926
"Stitch fix","SF Bay Area",Retail,330,0.15,2022-06-09,Post-IPO,"United States",79
Convoy,Seattle,Logistics,90,0.07,2022-06-09,"Series E","United States",1100
Hologram,Chicago,Infrastructure,80,0.4,2022-06-09,"Series B","United States",82
Boozt,Malmo,Retail,70,0.05,2022-06-09,Post-IPO,Sweden,56
"The grommet",Boston,Retail,40,1,2022-06-09,Acquired,"United States",5
Stashaway,Singapore,Finance,31,0.14,2022-06-09,"Series D",Singapore,61
Preply,Boston,Education,26,0.05,2022-06-09,"Series C","United States",100
Sonder,"SF Bay Area",Travel,250,0.21,2022-06-08,Post-IPO,"United States",839
Truepill,"SF Bay Area",Healthcare,150,0.15,2022-06-08,"Series D","United States",255
"Iprice group","Kuala Lumpur",Retail,50,0.2,2022-06-08,Unknown,Malaysia,26
Cazoo,London,Transportation,750,0.15,2022-06-07,Post-IPO,"United Kingdom",2000
Rupeek,Bengaluru,Finance,180,0.15,2022-06-07,Unknown,India,172
Bird,"Los Angeles",Transportation,138,0.23,2022-06-07,Post-IPO,"United States",783
Dutchie,Bend,Other,50,0.07,2022-06-06,"Series D","United States",603
Superhuman,"SF Bay Area",Consumer,23,0.22,2022-06-03,"Series C","United States",108
Food52,"New York City",Food,21,0.15,2022-06-03,Acquired,"United States",176
"Carbon health","SF Bay Area",Healthcare,250,0.08,2022-06-02,"Series D","United States",522
Policygenius,"New York City",Finance,170,0.25,2022-06-02,"Series E","United States",286
Yojak,Gurugram,Construction,140,0.5,2022-06-02,Seed,India,3
Gemini,"New York City",Crypto,100,0.1,2022-06-02,Unknown,"United States",423
Stord,Atlanta,Logistics,59,0.08,2022-06-02,"Series D","United States",325
Gather,"SF Bay Area",Consumer,30,0.33,2022-06-02,"Series B","United States",76
Irl,"SF Bay Area",Consumer,25,0.25,2022-06-02,"Series C","United States",197
Cybereason,Boston,Security,100,0.06,2022-06-01,"Series F","United States",750
Udayy,Gurugram,Education,100,1,2022-06-01,Seed,India,2
2tm,"Sao Paulo",Crypto,90,0.12,2022-06-01,Unknown,Brazil,250
Curve,London,Finance,65,0.1,2022-06-01,"Series C","United Kingdom",182
Loom,"SF Bay Area",Product,34,0.14,2022-06-01,"Series C","United States",203
Impala,London,Travel,30,0.35,2022-06-01,"Series B","United Kingdom",32
Tomo,Stamford,Finance,44,0.33,2022-05-31,"Series A","United States",110
Bookclub,"Salt Lake City",Education,12,0.25,2022-05-31,"Series A","United States",26
Swvl,Dubai,Transportation,400,0.32,2022-05-30,Post-IPO,"United Arab Emirates",132
"Mobile premier league",Bengaluru,Consumer,100,0.1,2022-05-30,"Series E",India,375
Sumup,"Sao Paulo",Finance,100,0.03,2022-05-30,Unknown,Brazil,50
Frontrow,Bengaluru,Education,145,0.3,2022-05-27,"Series A",India,17
Uncapped,London,Finance,29,0.26,2022-05-27,Unknown,"United Kingdom",118
Vtex,"Sao Paulo",Retail,200,0.13,2022-05-26,Post-IPO,Brazil,365
Bitso,"Mexico City",Crypto,80,0.11,2022-05-26,"Series C",Mexico,378
Lacework,"SF Bay Area",Security,300,0.2,2022-05-25,"Series D","United States",1900
Bolt,"SF Bay Area",Finance,240,0.27,2022-05-25,"Series E","United States",1300
Kontist,Berlin,Finance,50,0.25,2022-05-25,"Series B",Germany,53
Nuri,Berlin,Finance,45,0.2,2022-05-25,"Series B",Germany,42
"Coterie insurance",Cincinnati,Finance,30,0.2,2022-05-25,"Series B","United States",70
Gorillas,Berlin,Food,300,0.5,2022-05-24,"Series C",Germany,1300
Klarna,Stockholm,Finance,700,0.1,2022-05-23,Unknown,Sweden,3700
Buenbit,"Buenos Aires",Crypto,80,0.45,2022-05-23,"Series A",Argentina,11
Beyondminds,"Tel Aviv",Data,65,1,2022-05-23,"Series A",Israel,16
Clickup,"San Diego",Other,60,0.07,2022-05-23,"Series C","United States",537
Airtime,"New York City",Consumer,30,0.2,2022-05-23,"Series B","United States",33
Mfine,Bengaluru,Healthcare,600,0.75,2022-05-21,"Series C",India,97
Latch,"New York City",Security,130,0.28,2022-05-20,Post-IPO,"United States",342
Outside,Boulder,Media,87,0.15,2022-05-20,"Series B","United States",174
Skillz,"SF Bay Area",Consumer,70,0.1,2022-05-20,Post-IPO,"United States",287
Cars24,Gurugram,Transportation,600,0.06,2022-05-19,"Series G",India,1300
Vedantu,Bengaluru,Education,424,0.07,2022-05-18,"Series E",India,292
Netflix,"SF Bay Area",Media,150,0.01,2022-05-17,Post-IPO,"United States",121900
Kry,Stockholm,Healthcare,100,0.1,2022-05-17,"Series D",Sweden,568
Picsart,Miami,Consumer,90,0.08,2022-05-17,"Series C","United States",195
Zak,"Sao Paulo",Food,100,0.4,2022-05-16,"Series A","United States",29
"Aliexpress russia",Moscow,Retail,400,0.4,2022-05-14,Acquired,Russia,60
Datarobot,Boston,Data,70,0.07,2022-05-11,"Series G","United States",1000
Doma,"SF Bay Area",Finance,310,0.15,2022-05-10,Post-IPO,"United States",679
Pollen,London,Travel,200,0.33,2022-05-10,"Series C","United Kingdom",238
Latch,"New York City",Security,30,0.06,2022-05-10,Post-IPO,"United States",342
Meero,Paris,Other,350,0.5,2022-05-09,"Series C",France,293
Vroom,"New York City",Transportation,270,0.14,2022-05-09,Post-IPO,"United States",1300
Reef,Miami,Transportation,750,0.05,2022-05-06,Unknown,"United States",1500
Vedantu,Bengaluru,Education,200,0.03,2022-05-05,"Series E",India,292
Mural,"SF Bay Area",Product,90,0.1,2022-05-05,"Series C","United States",192
"On deck","SF Bay Area",Education,72,0.25,2022-05-05,"Series A","United States",20
Send,Sydney,Food,300,1,2022-05-04,Seed,Australia,3
Cameo,Chicago,Consumer,87,0.25,2022-05-04,Unknown,"United States",165
Mainstreet,"SF Bay Area",Finance,45,0.3,2022-05-04,"Series A","United States",64
Avo,"Tel Aviv",Food,500,0.67,2022-05-01,"Series B",Israel,45
Domestika,"SF Bay Area",Education,150,0.19,2022-04-28,"Series D","United States",130
Robinhood,"SF Bay Area",Finance,340,0.09,2022-04-26,Post-IPO,"United States",5600
Bonsai,Toronto,Retail,29,0.34,2022-04-26,"Series A",Canada,27
Xiaohongshu,Shanghai,Consumer,180,0.09,2022-04-21,"Series E",China,917
Facily,"Sao Paulo",Retail,260,0.3,2022-04-20,"Series D",Brazil,502
Blend,"SF Bay Area",Finance,200,0.1,2022-04-19,Post-IPO,"United States",665
Quintoandar,"Sao Paulo","Real estate",160,0.04,2022-04-19,"Series E",Brazil,755
Ahead,"SF Bay Area",Healthcare,44,1,2022-04-14,Unknown,"United States",9
"Rad power bikes",Seattle,Transportation,100,0.14,2022-04-12,"Series D","United States",329
Food52,"New York City",Food,20,0.1,2022-04-08,Acquired,"United States",176
Unacademy,Bengaluru,Education,1000,0.17,2022-04-07,"Series H",India,838
Bitmex,Non-U.S.,Crypto,75,0.25,2022-04-04,Seed,Seychelles,0
Legible,Vancouver,Media,23,0.38,2022-04-04,Post-IPO,Canada,3
Rasa,Berlin,Data,59,0.4,2022-03-30,"Series B",Germany,40
Gopuff,Philadelphia,Food,450,0.03,2022-03-29,"Series H","United States",3400
Thinkific,Vancouver,Education,100,0.2,2022-03-29,Post-IPO,Canada,22
Storytel,Stockholm,Media,100,0.1,2022-03-17,Post-IPO,Sweden,275
Trell,Bengaluru,Retail,300,0.5,2022-03-15,"Series B",India,62
Knock,"New York City","Real estate",115,0.46,2022-03-15,Unknown,"United States",654
Better.com,"New York City","Real estate",3000,0.33,2022-03-08,Unknown,"United States",905
"Adaptive biotechnologies",Seattle,Healthcare,100,0.12,2022-03-08,Post-IPO,"United States",406
Hyperscience,"New York City",Data,100,0.25,2022-03-03,"Series E","United States",289
Wish,"SF Bay Area",Retail,190,0.15,2022-03-01,Post-IPO,"United States",1600
"Virgin hyperloop","Los Angeles",Transportation,111,0.5,2022-02-21,Unknown,"United States",368
"Liv up","Sao Paulo",Food,100,0.15,2022-02-16,"Series D",Brazil,118
Homie,"Salt Lake City","Real estate",119,0.29,2022-02-14,"Series B","United States",35
Hopin,London,Other,138,0.12,2022-02-10,"Series D","United States",1000
"Daily harvest","New York City",Food,60,0.2,2022-02-10,"Series D","United States",120
Peloton,"New York City",Fitness,2800,0.2,2022-02-08,Post-IPO,"United States",1900
Rhino,"New York City","Real estate",57,0.2,2022-02-03,Unknown,"United States",133
Glossier,"New York City",Consumer,80,0.33,2022-01-26,"Series E","United States",266
Better.com,"New York City","Real estate",900,0.09,2021-12-01,Unknown,"United States",905
Bittitan,Seattle,Data,70,0.27,2021-11-18,Acquired,"United States",46
Zillow,Seattle,"Real estate",2000,0.25,2021-11-02,Post-IPO,"United States",97
Treehouse,Portland,Education,41,0.9,2021-09-14,"Series B","United States",12
Flockjay,"SF Bay Area",Education,37,0.5,2021-08-24,"Series A","United States",14
Katerra,"SF Bay Area",Construction,2434,1,2021-06-01,Unknown,"United States",1600
"New relic","SF Bay Area",Infrastructure,160,0.07,2021-04-06,Post-IPO,"United States",215
Bounce,Bengaluru,Transportation,200,0.4,2021-02-22,"Series D",India,214
Quandoo,Berlin,Food,87,0.2,2021-02-03,Acquired,Germany,39
Hubba,Toronto,Retail,45,1,2021-02-01,"Series B",Canada,61
Postmates,"SF Bay Area",Food,180,0.15,2021-01-23,Acquired,"United States",763
Pocketmath,Singapore,Marketing,21,1,2021-01-20,Unknown,Singapore,20
Dropbox,"SF Bay Area",Other,315,0.15,2021-01-13,Post-IPO,"United States",1700
Breather,Montreal,"Real estate",120,0.8,2020-12-16,"Series D",Canada,131
Aya,Toronto,Finance,5,0.25,2020-11-19,Seed,"United States",3
"Bridge connector",Nashville,Healthcare,154,1,2020-11-17,"Series B","United States",45
Worksmith,Austin,Retail,30,0.5,2020-11-09,Unknown,"United States",4
Knotel,"New York City","Real estate",20,0.08,2020-10-29,"Series C","United States",560
Getyourguide,Berlin,Travel,90,0.17,2020-10-14,"Series E",Germany,656
"Alto pharmacy","SF Bay Area",Healthcare,47,0.06,2020-09-29,"Series D","United States",356
Ns8,"Las Vegas",Data,240,0.95,2020-09-11,"Series A","United States",158
Waze,"SF Bay Area",Transportation,30,0.054,2020-09-09,Acquired,"United States",67
Gobear,Singapore,Finance,22,0.11,2020-09-01,Unknown,Singapore,97
Makemytrip,"New Delhi",Travel,350,0.1,2020-08-31,Post-IPO,India,548
Salesforce,"SF Bay Area",Sales,1000,0.0185,2020-08-26,Post-IPO,"United States",65
Docly,London,Healthcare,8,0.8,2020-08-19,Seed,"United Kingdom",16
Mozilla,"SF Bay Area",Consumer,250,0.25,2020-08-11,Unknown,"United States",2
Eatsy,Singapore,Food,20,1,2020-08-08,Seed,Singapore,1
Glossier,"New York City",Retail,150,0.38,2020-08-07,"Series D","United States",186
Thriver,Toronto,Food,75,0.5,2020-08-06,"Series B",Canada,53
"Buy.com / rakuten","SF Bay Area",Retail,87,1,2020-07-30,Acquired,"United States",42
Procore,"Los Angeles",Construction,180,0.09,2020-07-28,Unknown,"United States",649
Swiggy,Bengaluru,Food,350,0.05,2020-07-27,"Series I",India,1600
Zeitgold,Berlin,Finance,75,0.72,2020-07-27,"Series B",Germany,60
Checkr,"SF Bay Area",Hr,64,0.12,2020-07-23,"Series D","United States",309
Linkedin,"SF Bay Area",Recruiting,960,0.06,2020-07-21,Acquired,"United States",154
"Lighter capital",Seattle,Finance,22,0.49,2020-07-20,"Series B","United States",15
Optimizely,"SF Bay Area",Marketing,60,0.15,2020-07-15,"Series D","United States",251
Skyscanner,Edinburgh,Travel,300,0.2,2020-07-14,Acquired,"United Kingdom",197
Zilingo,Singapore,Retail,100,0.12,2020-07-09,"Series D",Singapore,307
G2,Chicago,Marketing,17,0.05,2020-06-30,"Series C","United States",101
Katerra,"SF Bay Area",Construction,400,0.07,2020-06-29,"Series E","United States",1300
Bounce,Bengaluru,Transportation,130,0.22,2020-06-29,"Series D",India,214
Sonos,"New York City",Consumer,174,0.12,2020-06-24,Post-IPO,"United States",455
Gojek,Jakarta,Transportation,430,0.09,2020-06-23,"Series F",Indonesia,4800
Scalefactor,Austin,Finance,90,0.9,2020-06-23,"Series C","United States",103
Dark,"SF Bay Area",Product,6,1,2020-06-23,Seed,"United States",3
Intuit,"SF Bay Area",Finance,715,0.07,2020-06-22,Post-IPO,"United States",18
Navi,Bengaluru,Finance,40,0.25,2020-06-17,"Private Equity",India,582
Paisabazaar,Gurugram,Finance,1500,0.5,2020-06-16,"Series G",India,496
Grab,Singapore,Transportation,360,0.05,2020-06-16,"Series I",Singapore,9900
Splunk,"SF Bay Area",Data,70,0.01,2020-06-16,Post-IPO,"United States",40
Redox,Madison,Healthcare,44,0.25,2020-06-16,"Series C","United States",50
Uber,Amsterdam,Transportation,225,0.25,2020-06-12,Post-IPO,Netherlands,24700
Synapsefi,"SF Bay Area",Finance,63,0.48,2020-06-12,"Series B","United States",50
Branch,"New York City",Retail,3,0.27,2020-06-11,Seed,"United States",2
"The athletic","SF Bay Area",Media,46,0.08,2020-06-05,"Series D","United States",139
"Ethos life","SF Bay Area",Finance,18,0.14,2020-06-05,"Series C","United States",106
Lastline,"SF Bay Area",Security,50,0.4,2020-06-04,"Series C","United States",52
Builder,"Los Angeles",Product,39,0.14,2020-06-04,"Series A","United States",29
Monzo,London,Finance,120,0.08,2020-06-03,"Series F","United Kingdom",324
Spothero,Chicago,Transportation,40,0.21,2020-06-03,"Series D","United States",117
"Credit sesame","SF Bay Area",Finance,22,0.14,2020-06-03,"Series F","United States",120
Rivian,Detroit,Transportation,40,0.02,2020-06-02,"Private Equity","United States",3100
Fundbox,"SF Bay Area",Finance,14,0.15,2020-06-02,"Series C","United States",453
"Descartes labs","Santa Fe",Data,12,0.16,2020-06-02,"Series B","United States",58
"Stitch fix","SF Bay Area",Retail,1400,0.18,2020-06-01,Post-IPO,"United States",79
Makemytrip,Gurugram,Travel,350,0.1,2020-06-01,Post-IPO,India,548
Crowdstreet,Portland,"Real estate",24,0.22,2020-06-01,"Series C","United States",24
Brex,"SF Bay Area",Finance,62,0.15,2020-05-29,"Series C","United States",732
Loftium,Seattle,"Real estate",32,0.6,2020-05-29,"Series A","United States",17
Bookmyshow,Mumbai,Consumer,270,0.18,2020-05-28,Unknown,India,224
Truecar,"Los Angeles",Transportation,219,0.3,2020-05-28,Post-IPO,"United States",340
"Culture amp",Melbourne,Hr,36,0.08,2020-05-28,"Series E",Australia,157
"The sill","New York City",Retail,20,0.25,2020-05-28,"Series A","United States",7
Instructure,"Salt Lake City",Education,150,0.12,2020-05-27,Acquired,"United States",89
Ebanx,Curitiba,Finance,62,0.08,2020-05-27,Unknown,Brazil,30
Uber,Bengaluru,Transportation,600,0.23,2020-05-26,Post-IPO,India,24700
Bluprint,Denver,Education,137,1,2020-05-26,Acquired,"United States",108
Cvent,"Washington D.C.",Marketing,400,0.1,2020-05-21,Acquired,"United States",146
Pickyourtrail,Chennai,Travel,70,0.35,2020-05-21,"Series A",India,3
Glitch,"New York City",Product,18,0.36,2020-05-21,"Series A","United States",30
Ola,Bengaluru,Transportation,1400,0.35,2020-05-20,"Series J",India,3800
Samsara,"SF Bay Area",Logistics,300,0.18,2020-05-20,"Series F","United States",530
"Stay alfred",Spokane,Travel,221,1,2020-05-20,"Series B","United States",62
Sofi,"SF Bay Area",Finance,112,0.07,2020-05-20,"Private Equity","United States",2500
Sharechat,Bengaluru,Marketing,101,0.25,2020-05-20,"Series D",India,222
Intercom,"SF Bay Area",Support,39,0.06,2020-05-20,"Series D","United States",240
Livspace,Bengaluru,Retail,450,0.15,2020-05-19,"Series D",India,157
Pollen,London,Travel,69,0.31,2020-05-19,"Series B","United Kingdom",88
Uber,"SF Bay Area",Transportation,3000,0.13,2020-05-18,Post-IPO,"United States",24700
Swiggy,Bengaluru,Food,1100,0.14,2020-05-18,"Series I",India,1600
Wework,"New Delhi","Real estate",100,0.2,2020-05-18,"Series H",India,19500
Zomato,Gurugram,Food,520,0.13,2020-05-15,"Series J",India,914
Lendingkart,Ahmedabad,Finance,500,0.5,2020-05-15,Unknown,India,200
Lattice,"SF Bay Area",Hr,16,0.1,2020-05-15,"Series C","United States",49
Cruise,"SF Bay Area",Transportation,150,0.08,2020-05-14,Acquired,"United States",5300
"Integral ad science","New York City",Marketing,70,0.1,2020-05-14,Acquired,"United States",116
Ridecell,"SF Bay Area",Transportation,35,0.15,2020-05-14,"Series B","United States",73
Deliv,"SF Bay Area",Retail,669,1,2020-05-13,"Series C","United States",80
Mercos,Joinville,Sales,51,0.4,2020-05-13,Unknown,Brazil,2
Kickstarter,"New York City",Finance,25,0.18,2020-05-13,Unknown,"United States",10
"Zeus living","SF Bay Area","Real estate",73,0.5,2020-05-12,"Series B","United States",79
Mixpanel,"SF Bay Area",Data,65,0.19,2020-05-12,"Series B","United States",77
Hireology,Chicago,Recruiting,36,0.17,2020-05-12,"Series D","United States",52
"Top hat",Toronto,Education,16,0.03,2020-05-12,"Series D",Canada,104
Revolut,London,Finance,60,0.03,2020-05-11,"Series D","United Kingdom",837
Cadre,"New York City","Real estate",28,0.25,2020-05-11,"Series C","United States",133
N26,"New York City",Finance,9,0.01,2020-05-08,"Series D","United States",782
Jump,"New York City",Transportation,500,1,2020-05-07,Acquired,"United States",11
Glassdoor,"SF Bay Area",Recruiting,300,0.3,2020-05-07,Acquired,"United States",204
Numbrs,Zurich,Finance,62,0.5,2020-05-07,"Series B",Switzerland,78
Flywire,Boston,Finance,60,0.12,2020-05-07,"Series E","United States",263
Tally,"SF Bay Area",Finance,28,0.23,2020-05-07,"Series C","United States",92
Uber,"SF Bay Area",Transportation,3700,0.14,2020-05-06,Post-IPO,"United States",24700
"Rubicon project","Los Angeles",Marketing,50,0.08,2020-05-06,Post-IPO,"United States",60
Segment,"SF Bay Area",Data,50,0.1,2020-05-06,"Series D","United States",283
Airbnb,"SF Bay Area",Travel,1900,0.25,2020-05-05,"Private Equity","United States",5400
Juul,"SF Bay Area",Consumer,900,0.3,2020-05-05,Unknown,"United States",1500
Andela,"New York City",Recruiting,135,0.1,2020-05-05,"Series D","United States",181
"Stack overflow","New York City",Recruiting,40,0.15,2020-05-05,"Series D","United States",68
Workable,Boston,Recruiting,25,0.1,2020-05-05,"Series C","United States",84
Curefit,Bengaluru,Fitness,800,0.16,2020-05-04,"Series D",India,404
Careem,Dubai,Transportation,536,0.31,2020-05-04,Acquired,"United Arab Emirates",771
Oriente,"Hong Kong",Finance,400,0.2,2020-05-04,"Series B","Hong Kong",175
Veriff,Tallinn,Security,63,0.21,2020-05-04,"Series A",Estonia,7
"Element ai",Montreal,Other,62,0.15,2020-05-04,"Series B",Canada,257
Deputy,Sydney,Hr,60,0.3,2020-05-04,"Series B",Australia,106
Loopio,Toronto,Sales,11,0.08,2020-05-04,"Series A",Canada,11
Trax,"Tel Aviv",Retail,120,0.1,2020-05-03,"Series D",Israel,386
Namely,"New York City",Hr,110,0.4,2020-05-01,"Series E","United States",217
"Culture trip",London,Media,95,0.32,2020-05-01,"Series B","United Kingdom",102
"Sandbox vr","SF Bay Area",Consumer,80,0.8,2020-05-01,"Series A","United States",82
Theskimm,"New York City",Media,26,0.2,2020-05-01,"Series C","United States",28
Lyft,"SF Bay Area",Transportation,982,0.17,2020-04-29,Post-IPO,"United States",4900
"Kayak / opentable",Stamford,Travel,160,0.08,2020-04-29,Acquired,"United States",229
Lime,"SF Bay Area",Transportation,80,0.13,2020-04-29,"Series D","United States",765
Transfix,"New York City",Logistics,24,0.1,2020-04-29,"Series D","United States",128
Tripadvisor,Boston,Travel,900,0.25,2020-04-28,Post-IPO,"United States",3
Deliveroo,London,Food,367,0.15,2020-04-28,"Series G","United Kingdom",1500
"App annie","SF Bay Area",Data,80,0.18,2020-04-28,Unknown,"United States",156
Openx,"Los Angeles",Marketing,35,0.15,2020-04-28,Unknown,"United States",70
Payjoy,"SF Bay Area",Finance,27,0.25,2020-04-28,"Series B","United States",71
Shipsi,"Los Angeles",Retail,20,0.5,2020-04-28,Seed,"United States",2
"Automation anywhere","SF Bay Area",Other,260,0.1,2020-04-27,"Series B","United States",840
Jetclosing,Seattle,"Real estate",20,0.2,2020-04-27,"Series A","United States",24
Submittable,Missoula,Other,30,0.2,2020-04-25,"Series B","United States",17
"Divergent 3d","Los Angeles",Transportation,57,0.36,2020-04-24,"Series B","United States",88
"Ada support",Toronto,Support,36,0.23,2020-04-24,"Series B",Canada,60
Upshow,Chicago,Marketing,19,0.3,2020-04-24,"Series A","United States",7
"Lighter capital",Seattle,Finance,18,0.22,2020-04-24,"Series B","United States",15
"Horizn studios",Berlin,Travel,15,0.25,2020-04-24,"Series B",Germany,30
"Welkin health","SF Bay Area",Healthcare,10,0.33,2020-04-24,"Series B","United States",29
Jiobit,Chicago,Consumer,6,0.21,2020-04-24,Unknown,"United States",12
Tutormundi,"Sao Paulo",Education,4,1,2020-04-24,"Series A",Brazil,2
Stockx,Detroit,Retail,100,0.12,2020-04-23,"Series C","United States",160
Zenefits,"SF Bay Area",Hr,87,0.15,2020-04-23,"Series C","United States",583
Sisense,"New York City",Data,80,0.09,2020-04-23,"Series F","United States",274
"Oscar health","New York City",Healthcare,70,0.05,2020-04-23,Unknown,"United States",1300
"Magic leap",Miami,Consumer,1000,0.5,2020-04-22,"Series E","United States",2600
"When i work",Minneapolis,Hr,55,0.35,2020-04-22,"Series B","United States",24
Ike,"SF Bay Area",Transportation,10,0.14,2020-04-22,"Series A","United States",52
"Lending club","SF Bay Area",Finance,460,0.3,2020-04-21,Post-IPO,"United States",392
Houzz,"SF Bay Area",Consumer,155,0.1,2020-04-21,"Series E","United States",613
Casper,"New York City",Retail,78,0.21,2020-04-21,Post-IPO,"United States",339
Realself,Seattle,Healthcare,40,0.13,2020-04-21,"Series B","United States",42
Freshbooks,Toronto,Finance,38,0.09,2020-04-21,"Series B",Canada,75
Patreon,"SF Bay Area",Media,30,0.13,2020-04-21,"Series D","United States",165
Bringg,"Tel Aviv",Logistics,10,0.1,2020-04-21,"Series D",Israel,84
Klook,"Hong Kong",Travel,300,0.15,2020-04-20,"Series D","Hong Kong",521
Consensys,"New York City",Crypto,91,0.14,2020-04-20,Unknown,"United States",10
Gumgum,"Los Angeles",Marketing,90,0.25,2020-04-20,"Series D","United States",58
Kueski,Guadalajara,Finance,90,0.3,2020-04-20,"Series B",Mexico,38
Movidesk,Blumenau,Support,33,0.25,2020-04-20,Seed,Brazil,1
"Komodo health","SF Bay Area",Healthcare,23,0.09,2020-04-20,"Series C","United States",50
Forward,"SF Bay Area",Healthcare,10,0.03,2020-04-20,"Series C","United States",100
Contaazul,Joinville,Education,140,0.35,2020-04-17,"Series D",Brazil,37
"Greenhouse software","New York City",Recruiting,120,0.28,2020-04-17,"Series D","United States",110
Quintoandar,"Sao Paulo","Real estate",88,0.08,2020-04-17,"Series D",Brazil,335
Loft,"Sao Paulo","Real estate",47,0.1,2020-04-17,"Series C",Brazil,263
Zilingo,Singapore,Retail,44,0.05,2020-04-17,"Series D",Singapore,307
Sweetgreen,"Los Angeles",Food,35,0.1,2020-04-17,"Series I","United States",478
People.ai,"SF Bay Area",Marketing,30,0.18,2020-04-17,"Series C","United States",100
Tor,Boston,Security,13,0.37,2020-04-17,Unknown,"United States",1
Cargurus,Boston,Transportation,130,0.13,2020-04-16,Post-IPO,"United States",1
"Funding societies",Singapore,Finance,65,0.18,2020-04-16,"Series B",Singapore,42
Clevertap,Mumbai,Marketing,60,0.2,2020-04-16,"Series C",India,76
Opendoor,"SF Bay Area","Real estate",600,0.35,2020-04-15,"Series E","United States",1500
Gopro,"SF Bay Area",Consumer,200,0.2,2020-04-15,Post-IPO,"United States",288
Shop101,Mumbai,Retail,200,0.4,2020-04-15,"Series C",India,19
Zume,"SF Bay Area",Food,200,0.67,2020-04-15,Unknown,"United States",423
Carta,"SF Bay Area",Finance,161,0.16,2020-04-15,"Series E","United States",447
Parsable,"SF Bay Area",Hr,40,0.25,2020-04-15,"Series C","United States",72
"Kodiak robotics","SF Bay Area",Transportation,15,0.2,2020-04-15,"Series A","United States",40
"The realreal","SF Bay Area",Retail,235,0.1,2020-04-14,Post-IPO,"United States",358
Touchbistro,Toronto,Food,131,0.23,2020-04-14,"Series E",Canada,224
Envoy,"SF Bay Area",Hr,58,0.3,2020-04-14,"Series B","United States",59
Vsco,"SF Bay Area",Consumer,45,0.35,2020-04-14,"Series B","United States",90
Groupon,Chicago,Retail,2800,0.44,2020-04-13,Post-IPO,"United States",1400
Zoox,"SF Bay Area",Transportation,100,0.1,2020-04-13,"Series B","United States",955
Neon,"Sao Paulo",Finance,70,0.1,2020-04-13,"Series B",Brazil,120
Easypost,"SF Bay Area",Logistics,50,0.25,2020-04-13,"Series A","United States",12
Clearbanc,Toronto,Finance,17,0.08,2020-04-13,"Series B",Canada,119
Frontdesk,Milwaukee,Travel,35,0.16,2020-04-10,Unknown,"United States",3
Nuodb,Boston,Data,20,0.29,2020-04-10,Unknown,"United States",85
Rhumbix,"SF Bay Area",Construction,16,0.27,2020-04-10,"Series B","United States",35
Atsu,Seattle,Infrastructure,6,1,2020-04-10,Unknown,"United States",1
Yelp,"SF Bay Area",Consumer,1000,0.17,2020-04-09,Post-IPO,"United States",56
Onetrust,Atlanta,Legal,150,0.1,2020-04-09,"Series B","United States",410
Omie,"Sao Paulo",Finance,136,0.31,2020-04-09,"Series B",Brazil,26
Domo,"Salt Lake City",Data,90,0.1,2020-04-09,Post-IPO,"United States",689
Matterport,"SF Bay Area",Data,90,0.34,2020-04-09,"Series D","United States",114
Clinc,"Ann Arbor",Support,40,0.32,2020-04-09,"Series B","United States",59
Mejuri,Toronto,Retail,36,0.15,2020-04-09,"Series B",Canada,28
Code42,Minneapolis,Data,25,0.05,2020-04-09,"Series B","United States",138
Loopme,London,Marketing,8,0.04,2020-04-09,Unknown,"United Kingdom",32
Eventbrite,"SF Bay Area",Consumer,500,0.45,2020-04-08,Post-IPO,"United States",332
Meesho,Bengaluru,Retail,200,0.28,2020-04-08,"Series D",India,215
Scoop,"SF Bay Area",Transportation,92,0.33,2020-04-08,"Series C","United States",95
Unison,"SF Bay Area",Finance,89,0.45,2020-04-08,"Series B","United States",40
Lever,"SF Bay Area",Recruiting,86,0.4,2020-04-08,"Series C","United States",72
Unbabel,Lisbon,Support,80,0.35,2020-04-08,"Series C",Portugal,91
Button,"New York City",Marketing,48,0.35,2020-04-08,"Series C","United States",64
"Eden / managed by q","New York City","Real estate",40,0.4,2020-04-08,"Series B","United States",40
Quantcast,"SF Bay Area",Marketing,30,0.05,2020-04-08,"Series C","United States",65
Videoamp,"Los Angeles",Marketing,21,0.1,2020-04-08,"Series C","United States",106
Kenoby,"Sao Paulo",Recruiting,18,0.16,2020-04-08,Unknown,Brazil,23
Getninjas,"Sao Paulo",Consumer,11,0.1,2020-04-08,"Series B",Brazil,16
Spyce,Boston,Food,4,0.12,2020-04-08,"Series A","United States",26
Toast,Boston,Food,1300,0.5,2020-04-07,"Series F","United States",902
Ezcater,Boston,Food,400,0.44,2020-04-07,"Series D","United States",319
"Sage therapeutics",Boston,Healthcare,340,0.53,2020-04-07,Post-IPO,"United States",438
Redfin,Seattle,"Real estate",236,0.07,2020-04-07,Post-IPO,"United States",319
"Branch metrics","SF Bay Area",Marketing,100,0.2,2020-04-07,"Series E","United States",367
Ibotta,Denver,Retail,87,0.15,2020-04-07,"Series D","United States",85
Away,"New York City",Retail,60,0.1,2020-04-07,"Series D","United States",181
Mediamath,"New York City",Marketing,53,0.08,2020-04-07,"Private Equity","United States",607
"Group nine media","New York City",Media,50,0.07,2020-04-07,Unknown,"United States",190
Metromile,"SF Bay Area",Finance,100,0.33,2020-04-06,"Series E","United States",293
"Rock content","Belo Horizonte",Marketing,100,0.2,2020-04-06,"Series A",Brazil,1
Bouncex,"New York City",Marketing,77,0.2,2020-04-06,"Series B","United States",75
Wordstream,Boston,Marketing,26,0.1,2020-04-06,Acquired,"United States",28
Cogito,Boston,Support,24,0.14,2020-04-06,"Series C","United States",92
Busbud,Montreal,Transportation,23,0.32,2020-04-06,"Series B",Canada,21
Borrowell,Toronto,Finance,15,0.2,2020-04-06,"Series B",Canada,72
Perkspot,Chicago,Hr,10,0.1,2020-04-06,"Private Equity","United States",50
Astra,"SF Bay Area",Aerospace,40,0.25,2020-04-05,Unknown,"United States",100
Iflix,"Kuala Lumpur",Consumer,50,0.12,2020-04-04,Unknown,Malaysia,348
Gympass,"Sao Paulo",Fitness,467,0.33,2020-04-03,"Series D",Brazil,300
Sojern,"SF Bay Area",Marketing,300,0.5,2020-04-03,"Series D","United States",162
Minted,"SF Bay Area",Retail,147,0.37,2020-04-03,"Series E","United States",297
"Arrive logistics",Austin,Logistics,75,0.07,2020-04-03,"Series B","United States",35
Salsify,Boston,Retail,60,0.13,2020-04-03,"Series D","United States",97
Jetty,"New York City",Finance,35,0.4,2020-04-03,"Series B","United States",40
D2iq,"SF Bay Area",Infrastructure,34,0.13,2020-04-03,"Series D","United States",247
